"Settings","Einstellungen"
"FLIZpay Settings","FLIZpay-Einstellungen"
"FLIZpay Section","FLIZpay-Bereich"
"Welcome to FLIZpay!","Willkommen bei FLIZpay!"
"Instructions:","Anleitung:"
"If you don't yet have a FLIZpay business account, please %1click here%2 to create one.","Wenn du noch kein FLIZpay-Geschäftskonto hast, %1klicke hier%2, um eines zu erstellen."
"Once you have created your account, generate a new API key in your FLIZpay business account and paste it into the ""API Key"" field below. You can find your API keys in the ""Installation"" section of your account.","Erstelle anschließend in deinem FLIZpay-Geschäftskonto einen neuen API-Key und füge ihn unten in das Feld „API Key“ ein. Deinen API-Key findest du im Bereich „Installation“ deines Kontos."
"Click ""Save Config"".","Klicke auf „Konfiguration speichern“."
"After approximately five seconds, the page will reload automatically.","Nach etwa fünf Sekunden wird die Seite automatisch neu geladen."
"Once the connection status shows ""Connected"", your FLIZpay extension is configured, and you can start accepting secure, bank-account-based payments while reducing your payment costs.","Sobald der Verbindungsstatus „Verbunden“ anzeigt, ist die FLIZpay-Extension eingerichtet und du kannst sichere, bankkontobasierte Zahlungen akzeptieren und dabei deine Zahlungskosten senken."
"Add FLIZpay to your online stores and choose where it appears among your payment methods. Go to %1Payment Methods%2 to configure its availability and move FLIZpay higher in the list to make it easier for customers to find.","Füge FLIZpay in deinen Online Shops ein und lege die Position unter den verfügbaren Zahlungsmethoden fest. Unter %1Zahlungsarten%2 kannst du die Verfügbarkeit konfigurieren und FLIZpay weiter oben platzieren, damit deine Kundinnen und Kunden die Zahlungsmethode leichter finden."
"We also recommend activating cashback for your customers. Cashback can encourage customers to choose FLIZpay and support conversion and loyalty. You can configure cashback offers in your FLIZpay business account. %1Click here.%2","Wir empfehlen außerdem, Cashback für deine Kundinnen und Kunden zu aktivieren. Cashback kann sie dazu motivieren, FLIZpay zu wählen, und so Conversion und Kundenbindung unterstützen. Cashback-Angebote kannst du in deinem FLIZpay-Geschäftskonto konfigurieren. %1Klicke hier.%2"
"Still have questions? %1Check out our FAQ page%2.","Noch Fragen? %1Schau dir unsere FAQ-Seite an%2."
"Need more details? %1Read our documentation.%2","Mehr Details benötigt? %1Lies unsere Dokumentation.%2"
"API Configuration","API-Konfiguration"
"API Key","API-Schlüssel"
"Your FLIZpay API key for authentication. Get this from your FLIZpay merchant dashboard.","Dein FLIZpay API-Schlüssel zur Authentifizierung. Erhalte diesen in deinem FLIZpay-Händler-Dashboard."
"Connection Status","Verbindungsstatus"
"Webhook URL","Webhook-URL"
"Automatically configured webhook URL (read-only). FLIZpay must successfully send a test webhook before payments can be processed.","Automatisch konfigurierte Webhook-URL (nur lesen). FLIZpay muss erfolgreich einen Test-Webhook senden, bevor Zahlungen verarbeitet werden können."
"Checkout Settings","Checkout-Einstellungen"
"Preview","Vorschau"
"Logo","Logo im Checkout anzeigen"
"Show FLIZpay logo in checkout.","FLIZpay-Logo im Checkout anzeigen."
"Subtitle","Checkout-Beschreibung anzeigen"
"Show description in subtitle when FLIZpay is selected.","Beschreibung im Untertitel anzeigen, wenn FLIZpay ausgewählt ist."
"Payment Options","Zahlungsoptionen"
"Enable Debug Logging","Debug-Protokollierung aktivieren"
"Enable detailed logging for troubleshooting (disable in production).","Aktiviere detaillierte Protokollierung zur Fehlerbehebung (in Produktion deaktivieren)."
"Sort Order","Sortierreihenfolge"
"Position of FLIZpay in the checkout payment method list. Lower numbers appear first.","Position von FLIZpay in der Liste der Zahlungsmethoden an der Kasse. Niedrigere Zahlen erscheinen zuerst."
"Cashback Information","Cashback-Informationen"
"Current Cashback Rates","Aktuelle Cashback-Raten"
"Current Cashback Rates:","Aktuelle Cashback-Raten:"
"First Purchase","Erstkauf"
"Standard","Standard"
"No cashback is currently configured. Enable cashback in your FLIZpay dashboard to offer rewards to your customers.","Derzeit ist kein Cashback konfiguriert. Aktiviere Cashback in deinem FLIZpay-Dashboard, um deinen Kunden Belohnungen anzubieten."
"Configure cashback rates in your %1FLIZpay Dashboard%2.","Konfiguriere Cashback-Raten in deinem %1FLIZpay-Dashboard%2."
"The full FLIZpay configuration, including onboarding instructions, connection status, and a checkout preview, is available under Stores > Configuration > FLIZpay > Settings.","Die vollständige FLIZpay-Konfiguration, einschließlich Einrichtungsanleitung, Verbindungsstatus und Checkout-Vorschau, findest du unter Stores > Configuration > FLIZpay > Settings."
"- Up to %1% Cashback","- Bis zu %1% Cashback"
"FLIZpay - Up to %1% Cashback","FLIZpay - Bis zu %1% Cashback"
"FLIZpay Logo","FLIZpay-Logo"
"Logo","Logo"
"Subtitle","Untertitel"
"Secure payments in direct collaboration with your bank. We support small businesses and keep your data private, stored securely in Germany.","Sichere Zahlungen in direkter Zusammenarbeit mit deiner Bank. Wir unterstützen kleine Unternehmen und deine Daten bleiben privat – sicher gespeichert in Deutschland."
"Secure payments in direct collaboration with your bank. After your first FLIZpay payment at %1, you will continue to receive %2% cashback.","Sichere Zahlungen in direkter Zusammenarbeit mit deiner Bank. Nach deiner ersten FLIZpay-Zahlung bei %1 erhältst du weiterhin %2% Cashback."
"Secure payments in direct collaboration with your bank. No additional cashback after your first FLIZpay payment at %1.","Sichere Zahlungen in direkter Zusammenarbeit mit deiner Bank. Kein weiteres Cashback nach deiner ersten FLIZpay-Zahlung bei %1."
"Secure payments in direct collaboration with your bank. Receive %1% cashback for every FLIZpay payment at %2.","Sichere Zahlungen in direkter Zusammenarbeit mit deiner Bank. Erhalte %1% Cashback für jede FLIZpay-Zahlung bei %2."
"Connecting","Verbindung wird hergestellt"
"Connected","Verbunden"
"Connection failed","Verbindung fehlgeschlagen"
"Not connected","Nicht verbunden"
"Last verified: %1 UTC","Zuletzt verifiziert: %1 UTC"
"FLIZpay is waiting for webhook verification.","FLIZpay wartet auf die Webhook-Verifizierung."
"Magento could not connect to FLIZpay. Verify the API key and try again.","Magento konnte keine Verbindung zu FLIZpay herstellen. Überprüfe den API-Schlüssel und versuche es erneut."
